Unit ID,Call Type,Watch Date,Received DtTm,Entry DtTm,Dispatch DtTm,Response DtTm,On Scene DtTm,Transport DtTm,City,Zipcode of Incident,Battalion,Station Area,Box,Original Priority,Priority,Final Priority,ALS Unit,Number of Alarms,Unit Type,Unit sequence in call dispatch,Fire Prevention District,Supervisor District,Neighborhooods - Analysis Boundaries,Location
19,E33,Structure Fire,04/12/2000,04/12/2000 10:04:42 PM,04/12/2000 10:04:46 PM,04/12/2000 10:04:58 PM,04/12/2000 10:06:03 PM,04/12/2000 10:08:46 PM,,SF,94112.0,B09,33.0,8374.0,3,3,3,False,1,ENGINE,1.0,9,11,Oceanview/Merced/Ingleside,"(37.7131720494385, -122.459024434517)"
36,E12,Structure Fire,04/12/2000,04/13/2000 12:19:54 AM,04/13/2000 12:29:24 AM,04/13/2000 12:29:35 AM,04/13/2000 12:31:25 AM,04/13/2000 12:32:36 AM,,SF,94117.0,B05,12.0,5151.0,3,3,3,True,1,ENGINE,1.0,5,5,Haight Ashbury,"(37.7651387353822, -122.44763462758)"
75,B04,Structure Fire,04/13/2000,04/13/2000 08:23:42 AM,04/13/2000 08:24:38 AM,04/13/2000 08:24:58 AM,04/13/2000 08:29:52 AM,04/13/2000 08:30:47 AM,,SF,94133.0,B01,2.0,1332.0,3,3,3,False,1,CHIEF,3.0,1,3,Chinatown,"(37.796699717573, -122.408014703843)"
76,E02,Structure Fire,04/13/2000,04/13/2000 08:23:42 AM,04/13/2000 08:24:38 AM,04/13/2000 08:24:58 AM,04/13/2000 08:26:25 AM,04/13/2000 08:27:28 AM,,SF,94133.0,B01,2.0,1332.0,3,3,3,False,1,ENGINE,1.0,1,3,Chinatown,"(37.796699717573, -122.408014703843)"
79,E37,Structure Fire,04/13/2000,04/13/2000 08:39:10 AM,04/13/2000 08:39:12 AM,04/13/2000 08:39:30 AM,04/13/2000 08:40:38 AM,04/13/2000 08:42:21 AM,,SF,94107.0,B10,37.0,2565.0,3,3,3,True,1,ENGINE,1.0,10,10,Potrero Hill,"(37.7521940654679, -122.398452381695)"
83,E01,Structure Fire,04/13/2000,04/13/2000 08:53:31 AM,04/13/2000 08:54:38 AM,04/13/2000 08:54:53 AM,04/13/2000 08:57:10 AM,04/13/2000 09:36:28 AM,,SF,94103.0,B03,27.0,2313.0,3,3,3,False,1,ENGINE,1.0,3,6,South of Market,"(37.7777816676305, -122.406629219771)"
98,E01,Structure Fire,04/13/2000,04/13/2000 10:29:54 AM,04/13/2000 10:34:14 AM,04/13/2000 10:34:24 AM,,04/13/2000 10:36:50 AM,,SF,94103.0,B03,1.0,1322.0,3,3,3,False,1,ENGINE,1.0,1,6,South of Market,"(37.7857439877905, -122.405831012392)"
104,E33,Structure Fire,04/13/2000,04/13/2000 10:49:54 AM,04/13/2000 10:59:36 AM,04/13/2000 11:00:39 AM,04/13/2000 11:01:26 AM,04/13/2000 11:05:30 AM,,SF,94112.0,B09,33.0,6211.0,3,3,3,False,1,ENGINE,1.0,9,11,Excelsior,"(37.7107485232235, -122.447672441304)"
110,E16,Structure Fire,04/13/2000,04/13/2000 11:21:14 AM,04/13/2000 11:21:57 AM,04/13/2000 11:22:35 AM,04/13/2000 11:23:55 AM,04/13/2000 11:24:16 AM,,SF,94123.0,B04,16.0,3341.0,3,3,3,False,1,ENGINE,1.0,4,2,Marina,"(37.8011575150768, -122.429637224953)"
130,E16,Structure Fire,04/13/2000,04/13/2000 12:39:54 PM,04/13/2000 12:42:08 PM,04/13/2000 12:43:03 PM,04/13/2000 12:44:18 PM,04/13/2000 12:46:40 PM,,SF,94109.0,B01,4.0,314.0,3,3,3,False,1,ENGINE,2.0,1,2,Russian Hill,"(37.803363322315, -122.424107741649)"
142,E18,Structure Fire,04/13/2000,04/13/2000 01:29:54 PM,04/13/2000 01:30:19 PM,04/13/2000 01:31:56 PM,04/13/2000 01:33:45 PM,04/13/2000 01:36:10 PM,,SF,94116.0,B08,23.0,7733.0,3,3,3,False,1,ENGINE,1.0,8,4,Sunset/Parkside,"(37.7360956877509, -122.506193981617)"
154,E16,Structure Fire,04/13/2000,04/13/2000 02:09:54 PM,04/13/2000 02:12:27 PM,04/13/2000 02:15:00 PM,04/13/2000 02:18:32 PM,04/13/2000 02:19:59 PM,,SF,94109.0,B04,4.0,3131.0,3,3,3,False,1,ENGINE,1.0,4,3,Russian Hill,"(37.7987615790944, -122.422336952094)"
155,T16,Structure Fire,04/13/2000,04/13/2000 02:09:54 PM,04/13/2000 02:12:27 PM,04/13/2000 02:15:00 PM,,,,SF,94109.0,B04,4.0,3131.0,3,3,3,False,1,TRUCK,2.0,4,3,Russian Hill,"(37.7987615790944, -122.422336952094)"
172,T09,Structure Fire,04/13/2000,04/13/2000 03:09:54 PM,04/13/2000 03:18:28 PM,04/13/2000 03:18:38 PM,04/13/2000 03:19:59 PM,,,SF,94124.0,B10,25.0,6467.0,3,3,3,False,1,TRUCK,2.0,10,10,Bayview Hunters Point,"(37.7387419299442, -122.389310056266)"
178,E42,Structure Fire,04/13/2000,04/13/2000 03:49:54 PM,04/13/2000 03:58:51 PM,04/13/2000 03:59:51 PM,04/13/2000 04:01:05 PM,04/13/2000 04:03:26 PM,,SF,94134.0,B09,42.0,6144.0,3,3,3,True,1,ENGINE,1.0,9,9,Excelsior,"(37.7288759654951, -122.42159661728)"
194,T01,Structure Fire,04/13/2000,04/13/2000 04:19:54 PM,04/13/2000 04:23:32 PM,04/13/2000 04:24:39 PM,04/13/2000 04:25:54 PM,04/13/2000 04:27:22 PM,,SF,94103.0,B03,1.0,2213.0,3,3,3,False,1,TRUCK,1.0,3,6,South of Market,"(37.7844787439707, -122.404266872501)"
228,E36,Structure Fire,04/13/2000,04/13/2000 07:08:24 PM,04/13/2000 07:09:03 PM,04/13/2000 07:09:50 PM,,,,SF,94103.0,B02,6.0,5235.0,3,3,3,False,1,ENGINE,1.0,2,8,Mission,"(37.7647834522541, -122.424102685064)"
248,E03,Structure Fire,04/13/2000,04/13/2000 08:49:54 PM,04/13/2000 08:55:27 PM,04/13/2000 08:56:22 PM,04/13/2000 08:57:24 PM,,,SF,94102.0,B03,3.0,1461.0,3,3,3,True,1,ENGINE,2.0,2,6,Tenderloin,"(37.7848662437379, -122.412782128267)"
249,T03,Structure Fire,04/13/2000,04/13/2000 08:49:54 PM,04/13/2000 08:55:27 PM,04/13/2000 08:56:22 PM,04/13/2000 08:57:37 PM,,,SF,94102.0,B03,3.0,1461.0,3,3,3,True,1,TRUCK,1.0,2,6,Tenderloin,"(37.7848662437379, -122.412782128267)"
282,E10,Structure Fire,04/13/2000,04/13/2000 11:59:48 PM,04/13/2000 11:59:50 PM,04/14/2000 12:00:11 AM,04/14/2000 12:02:43 AM,04/14/2000 12:03:52 AM,,SF,94118.0,B07,10.0,449.0,3,3,3,False,1,ENGINE,1.0,7,2,Presidio Heights,"(37.786210973675, -122.455468425157)"
291,E15,Structure Fire,04/13/2000,04/14/2000 12:55:55 AM,04/14/2000 12:56:30 AM,04/14/2000 12:56:57 AM,,,,SF,94132.0,B08,19.0,8714.0,3,3,3,False,1,ENGINE,8.0,8,7,Lakeshore,"(37.714334813698, -122.492047871678)"
292,E18,Structure Fire,04/13/2000,04/14/2000 12:55:55 AM,04/14/2000 12:56:30 AM,04/14/2000 12:56:57 AM,04/14/2000 12:58:52 AM,04/14/2000 01:02:49 AM,,SF,94132.0,B08,19.0,8714.0,3,3,3,False,1,ENGINE,5.0,8,7,Lakeshore,"(37.714334813698, -122.492047871678)"
293,E19,Structure Fire,04/13/2000,04/14/2000 12:55:55 AM,04/14/2000 12:56:30 AM,04/14/2000 12:56:57 AM,,04/14/2000 01:04:04 AM,,SF,94132.0,B08,19.0,8714.0,3,3,3,False,1,ENGINE,6.0,8,7,Lakeshore,"(37.714334813698, -122.492047871678)"
294,RS2,Structure Fire,04/13/2000,04/14/2000 12:55:55 AM,04/14/2000 12:56:30 AM,04/14/2000 12:56:57 AM,04/14/2000 12:58:57 AM,04/14/2000 01:02:49 AM,,SF,94132.0,B08,19.0,8714.0,3,3,3,False,1,RESCUE SQUAD,4.0,8,7,Lakeshore,"(37.714334813698, -122.492047871678)"
295,T18,Structure Fire,04/13/2000,04/14/2000 12:55:55 AM,04/14/2000 12:56:30 AM,04/14/2000 12:56:57 AM,,04/14/2000 01:04:04 AM,,SF,94132.0,B08,19.0,8714.0,3,3,3,False,1,TRUCK,7.0,8,7,Lakeshore,"(37.714334813698, -122.492047871678)"
297,E25,Structure Fire,04/13/2000,04/14/2000 01:29:50 AM,04/14/2000 01:30:28 AM,04/14/2000 01:30:49 AM,04/14/2000 01:31:28 AM,04/14/2000 01:34:10 AM,,SF,94107.0,B10,25.0,2611.0,3,3,3,False,1,ENGINE,1.0,10,10,Bayview Hunters Point,"(37.7527207422938, -122.389729644539)"
341,E07,Structure Fire,04/14/2000,04/14/2000 08:49:54 AM,04/14/2000 08:54:26 AM,04/14/2000 08:54:41 AM,,04/14/2000 08:57:25 AM,,SF,94110.0,B06,7.0,5455.0,3,3,3,False,1,ENGINE,1.0,6,9,Mission,"(37.7571666434801, -122.416719595074)"
344,E17,Structure Fire,04/14/2000,04/14/2000 08:59:54 AM,04/14/2000 09:03:52 AM,04/14/2000 09:04:23 AM,04/14/2000 09:05:26 AM,04/14/2000 09:06:55 AM,,SF,94124.0,B10,17.0,6641.0,3,3,3,False,1,ENGINE,1.0,10,10,Bayview Hunters Point,"(37.7309011761712, -122.380149049067)"
406,E32,Structure Fire,04/14/2000,04/14/2000 01:35:36 PM,04/14/2000 01:36:37 PM,04/14/2000 01:37:00 PM,,,,SF,94110.0,B06,32.0,5575.0,3,3,3,True,1,ENGINE,1.0,6,9,Bernal Heights,"(37.7422945337206, -122.42328556238)"
413,E33,Structure Fire,04/14/2000,04/14/2000 01:59:54 PM,04/14/2000 02:09:21 PM,04/14/2000 02:09:41 PM,04/14/2000 02:11:20 PM,04/14/2000 02:12:03 PM,,SF,94112.0,B09,33.0,6213.0,3,3,3,True,1,ENGINE,1.0,9,11,Outer Mission,"(37.7088063383308, -122.452664722246)"
436,E15,Structure Fire,04/14/2000,04/14/2000 03:39:54 PM,04/14/2000 03:43:18 PM,04/14/2000 03:43:26 PM,04/14/2000 03:44:19 PM,04/14/2000 03:47:24 PM,,SF,94112.0,B09,43.0,6116.0,3,3,3,False,1,ENGINE,1.0,9,11,Excelsior,"(37.7262362449736, -122.433623592293)"
450,E42,Structure Fire,04/14/2000,04/14/2000 03:59:54 PM,04/14/2000 04:09:25 PM,04/14/2000 04:09:37 PM,04/14/2000 04:10:53 PM,04/14/2000 04:13:25 PM,,SF,94124.0,B10,42.0,6473.0,3,3,3,False,1,ENGINE,1.0,10,10,Bayview Hunters Point,"(37.7326141790568, -122.396865378556)"
451,E43,Structure Fire,04/14/2000,04/14/2000 04:09:54 PM,04/14/2000 04:11:31 PM,04/14/2000 04:12:58 PM,04/14/2000 04:14:08 PM,04/14/2000 04:14:58 PM,,SF,94112.0,B09,43.0,6156.0,3,3,3,False,1,ENGINE,1.0,9,11,Excelsior,"(37.7200903159964, -122.429599155572)"
463,E42,Structure Fire,04/14/2000,04/14/2000 04:39:54 PM,04/14/2000 04:45:13 PM,04/14/2000 04:45:30 PM,04/14/2000 04:47:41 PM,04/14/2000 04:50:48 PM,,SF,94124.0,B10,9.0,6425.0,3,3,3,False,1,ENGINE,1.0,10,10,Bayview Hunters Point,"(37.7421971997796, -122.400426738757)"
469,E43,Structure Fire,04/14/2000,04/14/2000 05:09:54 PM,04/14/2000 05:13:30 PM,04/14/2000 05:15:12 PM,04/14/2000 05:17:06 PM,,,SF,94112.0,B09,15.0,8277.0,3,3,3,False,1,ENGINE,1.0,9,11,Outer Mission,"(37.7227256716177, -122.441430618021)"
470,E32,Structure Fire,04/14/2000,04/14/2000 05:14:09 PM,04/14/2000 05:15:33 PM,04/14/2000 05:16:15 PM,04/14/2000 05:17:10 PM,04/14/2000 05:21:16 PM,,SF,94112.0,B09,43.0,613.0,3,3,3,True,1,ENGINE,2.0,9,11,Excelsior,"(37.7255316247491, -122.429925994016)"
478,E40,Structure Fire,04/14/2000,04/14/2000 05:39:54 PM,04/14/2000 05:43:33 PM,04/14/2000 05:43:45 PM,04/14/2000 05:44:51 PM,04/14/2000 05:46:50 PM,,SF,94116.0,B08,40.0,7415.0,3,3,3,True,1,ENGINE,1.0,8,7,West of Twin Peaks,"(37.7411866396813, -122.475539786188)"
493,E24,Structure Fire,04/14/2000,04/14/2000 06:44:55 PM,04/14/2000 06:46:30 PM,04/14/2000 06:47:22 PM,04/14/2000 06:49:28 PM,04/14/2000 06:51:25 PM,,SF,94114.0,B06,24.0,5463.0,3,3,3,False,1,ENGINE,1.0,6,8,Noe Valley,"(37.7537192224027, -122.44140750664)"
510,E37,Structure Fire,04/14/2000,04/14/2000 07:39:54 PM,04/14/2000 07:44:50 PM,04/14/2000 07:46:49 PM,04/14/2000 07:47:53 PM,04/14/2000 07:49:37 PM,,SF,94107.0,B10,37.0,2615.0,3,3,3,False,1,ENGINE,1.0,10,10,Potrero Hill,"(37.7521940654679, -122.398452381695)"
529,E17,Structure Fire,04/14/2000,04/14/2000 08:29:54 PM,04/14/2000 08:31:39 PM,04/14/2000 08:34:12 PM,04/14/2000 08:35:15 PM,04/14/2000 08:36:24 PM,,SF,94124.0,B10,17.0,6641.0,3,3,3,False,1,ENGINE,1.0,10,10,Bayview Hunters Point,"(37.7309011761712, -122.380149049067)"
531,E06,Structure Fire,04/14/2000,04/14/2000 08:29:54 PM,04/14/2000 08:38:46 PM,04/14/2000 08:39:02 PM,04/14/2000 08:40:21 PM,04/14/2000 08:41:48 PM,,SF,94117.0,B05,21.0,4141.0,3,3,3,False,1,ENGINE,1.0,5,5,Haight Ashbury,"(37.773345711881, -122.43575149873)"
541,E14,Structure Fire,04/14/2000,04/14/2000 09:09:54 PM,04/14/2000 09:18:53 PM,04/14/2000 09:19:46 PM,04/14/2000 09:21:53 PM,04/14/2000 09:22:45 PM,,SF,94121.0,B07,14.0,7245.0,3,3,3,False,1,ENGINE,1.0,7,1,Outer Richmond,"(37.7796883694276, -122.493297257775)"
573,E36,Structure Fire,04/14/2000,04/14/2000 11:29:26 PM,04/14/2000 11:29:51 PM,04/14/2000 11:30:01 PM,04/14/2000 11:31:33 PM,04/14/2000 11:35:53 PM,,SF,94103.0,B02,6.0,5214.0,3,3,3,False,1,ENGINE,1.0,2,8,Mission,"(37.7671451020863, -122.42534582533)"
578,E44,Structure Fire,04/14/2000,04/14/2000 11:49:54 PM,04/14/2000 11:51:30 PM,04/14/2000 11:53:43 PM,04/14/2000 11:55:57 PM,04/14/2000 11:57:15 PM,,SF,94134.0,B10,44.0,6315.0,3,3,3,True,1,ENGINE,1.0,10,10,Visitacion Valley,"(37.7179452414737, -122.405021990261)"
586,B04,Structure Fire,04/14/2000,04/15/2000 12:38:57 AM,04/15/2000 12:39:31 AM,04/15/2000 12:40:20 AM,04/15/2000 12:43:27 AM,04/15/2000 12:46:46 AM,,SF,94108.0,B01,41.0,1446.0,3,3,3,False,1,CHIEF,6.0,1,3,Nob Hill,"(37.7898998860136, -122.411265644258)"
587,D1,Structure Fire,04/14/2000,04/15/2000 12:38:57 AM,04/15/2000 12:39:31 AM,04/15/2000 12:40:20 AM,04/15/2000 12:42:52 AM,04/15/2000 12:45:56 AM,,SF,94108.0,B01,41.0,1446.0,3,3,3,False,1,CHIEF,5.0,1,3,Nob Hill,"(37.7898998860136, -122.411265644258)"
588,E41,Structure Fire,04/14/2000,04/15/2000 12:38:57 AM,04/15/2000 12:39:31 AM,04/15/2000 12:40:20 AM,04/15/2000 12:41:19 AM,04/15/2000 12:43:00 AM,,SF,94108.0,B01,41.0,1446.0,3,3,3,False,1,ENGINE,1.0,1,3,Nob Hill,"(37.7898998860136, -122.411265644258)"
600,E01,Structure Fire,04/14/2000,04/15/2000 01:49:54 AM,04/15/2000 01:58:53 AM,04/15/2000 01:59:24 AM,,,,SF,94107.0,B03,27.0,2253.0,3,3,3,False,1,ENGINE,1.0,3,6,South of Market,"(37.7785051047871, -122.405615267864)"
601,T01,Structure Fire,04/14/2000,04/15/2000 01:49:54 AM,04/15/2000 01:58:53 AM,04/15/2000 01:59:24 AM,,,,SF,94107.0,B03,27.0,2253.0,3,3,3,False,1,TRUCK,2.0,3,6,South of Market,"(37.7785051047871, -122.405615267864)"
605,E32,Structure Fire,04/14/2000,04/15/2000 02:39:54 AM,04/15/2000 02:47:03 AM,04/15/2000 02:47:20 AM,04/15/2000 02:48:52 AM,04/15/2000 02:50:01 AM,,SF,94110.0,B06,32.0,5644.0,3,3,3,True,1,ENGINE,1.0,6,9,Bernal Heights,"(37.7350581299251, -122.420223758713)"
606,E06,Structure Fire,04/14/2000,04/15/2000 02:49:54 AM,04/15/2000 02:50:43 AM,04/15/2000 02:51:02 AM,04/15/2000 02:53:01 AM,04/15/2000 02:54:49 AM,,SF,94117.0,B05,21.0,3632.0,3,3,3,False,1,ENGINE,1.0,5,5,Hayes Valley,"(37.7742331365027, -122.432492947831)"
607,T06,Structure Fire,04/14/2000,04/15/2000 02:49:54 AM,04/15/2000 02:50:43 AM,04/15/2000 02:51:02 AM,04/15/2000 02:53:32 AM,,,SF,94117.0,B05,21.0,3632.0,3,3,3,False,1,TRUCK,2.0,5,5,Hayes Valley,"(37.7742331365027, -122.432492947831)"
622,E03,Structure Fire,04/14/2000,04/15/2000 06:01:11 AM,04/15/2000 06:01:52 AM,04/15/2000 06:02:13 AM,04/15/2000 06:03:45 AM,04/15/2000 06:04:22 AM,,SF,94109.0,B04,3.0,1556.0,3,3,3,True,1,ENGINE,2.0,4,6,Tenderloin,"(37.7863607914644, -122.415616900247)"
626,E25,Structure Fire,04/14/2000,04/15/2000 07:04:13 AM,04/15/2000 07:05:04 AM,04/15/2000 07:05:49 AM,,04/15/2000 07:09:19 AM,,SF,94124.0,B10,25.0,6435.0,3,3,3,False,1,ENGINE,1.0,10,10,Bayview Hunters Point,"(37.7451009983862, -122.392182341286)"
627,E37,Structure Fire,04/14/2000,04/15/2000 07:04:13 AM,04/15/2000 07:05:04 AM,04/15/2000 07:05:49 AM,04/15/2000 07:07:28 AM,,,SF,94124.0,B10,25.0,6435.0,3,3,3,False,1,ENGINE,11.0,10,10,Bayview Hunters Point,"(37.7451009983862, -122.392182341286)"
628,T09,Structure Fire,04/14/2000,04/15/2000 07:04:13 AM,04/15/2000 07:05:04 AM,04/15/2000 07:05:49 AM,04/15/2000 07:08:04 AM,,,SF,94124.0,B10,25.0,6435.0,3,3,3,False,1,TRUCK,10.0,10,10,Bayview Hunters Point,"(37.7451009983862, -122.392182341286)"
652,E02,Structure Fire,04/15/2000,04/15/2000 09:49:54 AM,04/15/2000 09:58:09 AM,04/15/2000 09:58:32 AM,04/15/2000 09:59:07 AM,04/15/2000 10:02:40 AM,,SF,94133.0,B01,28.0,1521.0,3,3,3,False,1,ENGINE,1.0,1,3,North Beach,"(37.8070725139897, -122.417260632444)"
669,E32,Structure Fire,04/15/2000,04/15/2000 10:49:54 AM,04/15/2000 10:56:02 AM,04/15/2000 10:57:03 AM,04/15/2000 10:57:52 AM,04/15/2000 10:59:34 AM,,SF,94112.0,B09,32.0,6113.0,3,3,3,False,1,ENGINE,1.0,9,11,Excelsior,"(37.7287295501651, -122.431293846084)"
698,E32,Structure Fire,04/15/2000,04/15/2000 01:24:33 PM,04/15/2000 01:25:35 PM,04/15/2000 01:25:44 PM,04/15/2000 01:27:21 PM,04/15/2000 01:28:40 PM,,SF,94110.0,B06,11.0,5612.0,3,3,3,False,1,ENGINE,3.0,6,8,Mission,"(37.7487967064237, -122.423129011156)"
700,E07,Structure Fire,04/15/2000,04/15/2000 01:29:54 PM,04/15/2000 01:38:04 PM,04/15/2000 01:38:20 PM,04/15/2000 01:38:35 PM,04/15/2000 01:39:24 PM,,SF,94110.0,B02,7.0,5247.0,3,3,3,False,1,ENGINE,1.0,2,9,Mission,"(37.7632997692, -122.421731523653)"
740,E44,Structure Fire,04/15/2000,04/15/2000 04:10:19 PM,04/15/2000 04:10:50 PM,04/15/2000 04:10:58 PM,04/15/2000 04:15:24 PM,04/15/2000 04:16:08 PM,,SF,94124.0,B10,44.0,6544.0,3,3,3,True,1,ENGINE,1.0,10,10,Bayview Hunters Point,"(37.7217158813579, -122.395943827693)"
744,E13,Structure Fire,04/15/2000,04/15/2000 04:19:54 PM,04/15/2000 04:21:00 PM,04/15/2000 04:21:11 PM,04/15/2000 04:22:08 PM,04/15/2000 04:23:23 PM,,SF,94105.0,B01,13.0,1236.0,3,3,3,False,1,ENGINE,1.0,3,3,Financial District/South Beach,"(37.7892643215998, -122.401375491221)"
751,E13,Structure Fire,04/15/2000,04/15/2000 04:49:54 PM,04/15/2000 04:56:57 PM,04/15/2000 04:57:06 PM,04/15/2000 04:57:52 PM,04/15/2000 04:59:23 PM,,SF,94108.0,B01,13.0,1314.0,3,3,3,False,1,ENGINE,1.0,1,3,Financial District/South Beach,"(37.7924507523927, -122.405938120147)"
752,E38,Structure Fire,04/15/2000,04/15/2000 04:49:54 PM,04/15/2000 04:58:57 PM,04/15/2000 04:59:21 PM,04/15/2000 05:01:07 PM,04/15/2000 05:02:11 PM,,SF,94115.0,B04,38.0,3621.0,3,3,3,False,1,ENGINE,1.0,4,5,Pacific Heights,"(37.7870514617121, -122.435084186101)"
757,E34,Structure Fire,04/15/2000,04/15/2000 05:19:54 PM,04/15/2000 05:22:05 PM,04/15/2000 05:22:14 PM,04/15/2000 05:25:00 PM,,,SF,94121.0,B07,34.0,7313.0,3,3,3,True,1,ENGINE,1.0,7,1,Outer Richmond,"(37.7794096627403, -122.511424139529)"
763,E08,Structure Fire,04/15/2000,04/15/2000 05:29:54 PM,04/15/2000 05:37:02 PM,04/15/2000 05:37:21 PM,04/15/2000 05:38:25 PM,04/15/2000 05:40:16 PM,,SF,94107.0,B03,8.0,2152.0,3,3,3,False,1,ENGINE,1.0,3,6,Financial District/South Beach,"(37.7842053064379, -122.392118767755)"
773,E01,Structure Fire,04/15/2000,04/15/2000 06:09:54 PM,04/15/2000 06:17:40 PM,04/15/2000 06:18:42 PM,04/15/2000 06:20:08 PM,04/15/2000 06:20:21 PM,,SF,94105.0,B03,1.0,2177.0,3,3,3,False,1,ENGINE,2.0,3,6,Financial District/South Beach,"(37.7850302848881, -122.400468484412)"
774,T01,Structure Fire,04/15/2000,04/15/2000 06:09:54 PM,04/15/2000 06:17:40 PM,04/15/2000 06:18:42 PM,04/15/2000 06:20:01 PM,04/15/2000 06:20:11 PM,,SF,94105.0,B03,1.0,2177.0,3,3,3,True,1,TRUCK,1.0,3,6,Financial District/South Beach,"(37.7850302848881, -122.400468484412)"
787,E06,Structure Fire,04/15/2000,04/15/2000 07:19:54 PM,04/15/2000 07:27:26 PM,04/15/2000 07:27:54 PM,04/15/2000 07:29:06 PM,04/15/2000 07:33:00 PM,,SF,94117.0,B05,21.0,4355.0,3,3,3,False,1,ENGINE,1.0,5,5,Haight Ashbury,"(37.7713581128796, -122.443836148672)"
796,T17,Structure Fire,04/15/2000,04/15/2000 07:49:54 PM,04/15/2000 07:58:16 PM,04/15/2000 07:59:20 PM,04/15/2000 08:00:44 PM,04/15/2000 08:02:26 PM,,SF,94124.0,B10,17.0,668.0,3,3,3,False,1,TRUCK,2.0,10,10,Bayview Hunters Point,"(37.7320922809256, -122.382788331866)"
811,E03,Structure Fire,04/15/2000,04/15/2000 08:39:54 PM,04/15/2000 08:44:29 PM,04/15/2000 08:44:43 PM,04/15/2000 08:45:45 PM,04/15/2000 08:48:59 PM,,SF,94109.0,B04,3.0,1642.0,3,3,3,False,1,ENGINE,1.0,4,6,Tenderloin,"(37.7853958548955, -122.418017194291)"
837,E17,Structure Fire,04/15/2000,04/15/2000 10:49:54 PM,04/15/2000 10:54:28 PM,04/15/2000 10:55:16 PM,04/15/2000 10:56:14 PM,04/15/2000 10:57:34 PM,,SF,94124.0,B10,17.0,6641.0,3,3,3,False,1,ENGINE,1.0,10,10,Bayview Hunters Point,"(37.7309011761712, -122.380149049067)"
844,E13,Structure Fire,04/15/2000,04/15/2000 11:09:54 PM,04/15/2000 11:19:17 PM,04/15/2000 11:19:26 PM,04/15/2000 11:20:51 PM,04/15/2000 11:23:22 PM,,SF,94108.0,B01,13.0,1315.0,3,3,3,False,1,ENGINE,1.0,1,3,Financial District/South Beach,"(37.7905652365323, -122.405573746363)"
888,E07,Structure Fire,04/15/2000,04/16/2000 02:40:59 AM,04/16/2000 02:41:19 AM,04/16/2000 02:41:58 AM,,04/16/2000 02:45:20 AM,,SF,94103.0,B02,6.0,5235.0,3,3,3,False,1,ENGINE,1.0,2,8,Mission,"(37.7647834522541, -122.424102685064)"
906,E02,Structure Fire,04/15/2000,04/16/2000 05:18:01 AM,04/16/2000 05:18:03 AM,04/16/2000 05:18:13 AM,04/16/2000 05:22:02 AM,,,SF,94133.0,B01,28.0,1351.0,3,3,3,False,1,ENGINE,1.0,1,3,Chinatown,"(37.8019306357162, -122.412541279347)"
907,B03,Structure Fire,04/15/2000,04/16/2000 05:19:05 AM,04/16/2000 05:19:41 AM,04/16/2000 05:20:08 AM,04/16/2000 05:21:10 AM,,,SF,94103.0,B03,1.0,2211.0,3,3,3,False,1,CHIEF,10.0,3,6,Financial District/South Beach,"(37.7866782082786, -122.40257522865)"
908,D1,Structure Fire,04/15/2000,04/16/2000 05:19:05 AM,04/16/2000 05:19:41 AM,04/16/2000 05:20:08 AM,,04/16/2000 05:25:30 AM,,SF,94103.0,B03,1.0,2211.0,3,3,3,True,1,CHIEF,7.0,3,6,Financial District/South Beach,"(37.7866782082786, -122.40257522865)"
909,E01,Structure Fire,04/15/2000,04/16/2000 05:19:05 AM,04/16/2000 05:19:41 AM,04/16/2000 05:20:08 AM,04/16/2000 05:21:29 AM,04/16/2000 05:22:44 AM,,SF,94103.0,B03,1.0,2211.0,3,3,3,False,1,ENGINE,2.0,3,6,Financial District/South Beach,"(37.7866782082786, -122.40257522865)"
910,T01,Structure Fire,04/15/2000,04/16/2000 05:19:05 AM,04/16/2000 05:19:41 AM,04/16/2000 05:20:08 AM,04/16/2000 05:21:36 AM,04/16/2000 05:22:33 AM,,SF,94103.0,B03,1.0,2211.0,3,3,3,True,1,TRUCK,1.0,3,6,Financial District/South Beach,"(37.7866782082786, -122.40257522865)"
925,E03,Structure Fire,04/15/2000,04/16/2000 07:37:03 AM,04/16/2000 07:37:55 AM,04/16/2000 07:38:04 AM,04/16/2000 07:39:14 AM,04/16/2000 07:40:05 AM,,SF,94109.0,B04,3.0,3121.0,3,3,3,False,1,ENGINE,2.0,4,3,Nob Hill,"(37.7881791961467, -122.420991095536)"
949,E29,Structure Fire,04/16/2000,04/16/2000 09:39:54 AM,04/16/2000 09:47:38 AM,04/16/2000 09:48:41 AM,04/16/2000 09:49:45 AM,,,SF,94103.0,B02,29.0,2351.0,3,3,3,False,1,ENGINE,1.0,2,10,Mission,"(37.7670819828491, -122.407685033247)"
950,T07,Structure Fire,04/16/2000,04/16/2000 09:39:54 AM,04/16/2000 09:47:38 AM,04/16/2000 09:48:41 AM,04/16/2000 09:49:12 AM,,,SF,94103.0,B02,29.0,2351.0,3,3,3,False,1,TRUCK,2.0,2,10,Mission,"(37.7670819828491, -122.407685033247)"
998,E25,Structure Fire,04/16/2000,04/16/2000 01:19:54 PM,04/16/2000 01:25:07 PM,04/16/2000 01:25:18 PM,,,,SF,94124.0,B10,25.0,6467.0,3,3,3,False,1,ENGINE,2.0,10,10,Bayview Hunters Point,"(37.7387419299442, -122.389310056266)"
999,T09,Structure Fire,04/16/2000,04/16/2000 01:19:54 PM,04/16/2000 01:25:07 PM,04/16/2000 01:25:18 PM,04/16/2000 01:26:22 PM,,,SF,94124.0,B10,25.0,6467.0,3,3,3,True,1,TRUCK,1.0,10,10,Bayview Hunters Point,"(37.7387419299442, -122.389310056266)"
1000,B01,Structure Fire,04/16/2000,04/16/2000 01:27:19 PM,04/16/2000 01:28:07 PM,04/16/2000 01:28:23 PM,04/16/2000 01:29:49 PM,04/16/2000 01:32:18 PM,,SF,94102.0,B01,1.0,1452.0,3,3,3,False,1,CHIEF,2.0,3,6,Tenderloin,"(37.7855267391339, -122.411301032076)"
1001,E41,Structure Fire,04/16/2000,04/16/2000 01:27:19 PM,04/16/2000 01:28:07 PM,04/16/2000 01:28:23 PM,04/16/2000 01:29:15 PM,04/16/2000 01:37:19 PM,,SF,94102.0,B01,1.0,1452.0,3,3,3,False,1,ENGINE,8.0,3,6,Tenderloin,"(37.7855267391339, -122.411301032076)"
1008,T11,Structure Fire,04/16/2000,04/16/2000 02:29:54 PM,04/16/2000 02:33:17 PM,04/16/2000 02:33:33 PM,04/16/2000 02:34:49 PM,04/16/2000 02:37:36 PM,,SF,94110.0,B06,11.0,5525.0,3,3,3,False,1,TRUCK,1.0,6,9,Mission,"(37.7522394549791, -122.418445272851)"
1030,E32,Structure Fire,04/16/2000,04/16/2000 03:54:05 PM,04/16/2000 03:55:05 PM,04/16/2000 03:55:16 PM,,04/16/2000 03:59:03 PM,,SF,94112.0,B09,32.0,6143.0,3,3,3,False,1,ENGINE,2.0,9,11,Excelsior,"(37.7278485543492, -122.425837521286)"
1031,RA09,Structure Fire,04/16/2000,04/16/2000 03:54:05 PM,04/16/2000 03:55:05 PM,04/16/2000 03:55:16 PM,04/16/2000 03:58:03 PM,,,SF,94112.0,B09,32.0,6143.0,3,3,3,True,1,AIRPORT,7.0,9,11,Excelsior,"(37.7278485543492, -122.425837521286)"
1037,E42,Structure Fire,04/16/2000,04/16/2000 04:09:54 PM,04/16/2000 04:19:33 PM,04/16/2000 04:20:45 PM,04/16/2000 04:21:06 PM,04/16/2000 04:25:19 PM,,SF,94134.0,B09,42.0,6344.0,3,3,3,False,1,ENGINE,1.0,9,9,McLaren Park,"(37.7226584556741, -122.412468270392)"
1046,E01,Structure Fire,04/16/2000,04/16/2000 04:49:54 PM,04/16/2000 04:50:12 PM,04/16/2000 04:53:42 PM,04/16/2000 04:54:16 PM,04/16/2000 04:57:09 PM,,SF,94103.0,B03,1.0,1322.0,3,3,3,False,1,ENGINE,1.0,1,6,South of Market,"(37.7857439877905, -122.405831012392)"
1047,B06,Structure Fire,04/16/2000,04/16/2000 04:49:00 PM,04/16/2000 04:51:12 PM,04/16/2000 04:51:34 PM,04/16/2000 04:55:06 PM,04/16/2000 04:55:20 PM,,SF,94110.0,B06,11.0,5613.0,3,3,3,False,1,CHIEF,2.0,6,9,Mission,"(37.7485954399415, -122.418024677603)"
1048,B10,Structure Fire,04/16/2000,04/16/2000 04:49:00 PM,04/16/2000 04:51:12 PM,04/16/2000 04:51:34 PM,,04/16/2000 04:59:52 PM,,SF,94110.0,B06,11.0,5613.0,3,3,3,False,1,CHIEF,4.0,6,9,Mission,"(37.7485954399415, -122.418024677603)"
1049,E11,Structure Fire,04/16/2000,04/16/2000 04:49:00 PM,04/16/2000 04:51:12 PM,04/16/2000 04:51:34 PM,04/16/2000 04:53:54 PM,,,SF,94110.0,B06,11.0,5613.0,3,3,3,False,1,ENGINE,8.0,6,9,Mission,"(37.7485954399415, -122.418024677603)"
1050,RS1,Structure Fire,04/16/2000,04/16/2000 04:49:00 PM,04/16/2000 04:51:12 PM,04/16/2000 04:51:34 PM,04/16/2000 04:53:13 PM,,,SF,94110.0,B06,11.0,5613.0,3,3,3,True,1,RESCUE SQUAD,11.0,6,9,Mission,"(37.7485954399415, -122.418024677603)"
1067,E33,Structure Fire,04/16/2000,04/16/2000 06:11:05 PM,04/16/2000 06:11:45 PM,04/16/2000 06:12:38 PM,04/16/2000 06:13:48 PM,04/16/2000 06:16:12 PM,,SF,94112.0,B09,33.0,8373.0,3,3,3,False,1,ENGINE,1.0,9,11,Oceanview/Merced/Ingleside,"(37.717850859977, -122.459007210368)"
1073,E03,Structure Fire,04/16/2000,04/16/2000 06:45:07 PM,04/16/2000 06:45:34 PM,04/16/2000 06:46:12 PM,04/16/2000 06:48:03 PM,04/16/2000 06:48:40 PM,,SF,94102.0,B02,3.0,1554.0,3,3,3,False,1,ENGINE,1.0,2,6,Tenderloin,"(37.7830590618212, -122.41571987823)"
1076,E40,Structure Fire,04/16/2000,04/16/2000 07:12:01 PM,04/16/2000 07:12:27 PM,04/16/2000 07:12:44 PM,04/16/2000 07:15:34 PM,,,SF,94122.0,B08,22.0,7426.0,3,3,3,False,1,ENGINE,5.0,8,4,Sunset/Parkside,"(37.7616843815068, -122.478602895308)"
1077,M05,Structure Fire,04/16/2000,04/16/2000 07:12:01 PM,04/16/2000 07:12:27 PM,04/16/2000 07:12:44 PM,04/16/2000 07:14:26 PM,,,SF,94122.0,B08,22.0,7426.0,3,3,3,True,1,MEDIC,6.0,8,4,Sunset/Parkside,"(37.7616843815068, -122.478602895308)"
1079,E01,Structure Fire,04/16/2000,04/16/2000 07:30:17 PM,04/16/2000 07:30:21 PM,04/16/2000 07:30:42 PM,04/16/2000 07:32:02 PM,,,SF,94109.0,B01,1.0,1363.0,3,3,3,False,1,ENGINE,11.0,4,6,Tenderloin,"(37.7851179904712, -122.418735460998)"
1081,E37,Structure Fire,04/16/2000,04/16/2000 07:29:54 PM,04/16/2000 07:35:44 PM,04/16/2000 07:36:27 PM,04/16/2000 07:37:30 PM,04/16/2000 07:38:23 PM,,SF,94107.0,B10,37.0,2523.0,3,3,3,False,1,ENGINE,1.0,10,10,Potrero Hill,"(37.7599674076909, -122.39724892486)"
1101,E39,Structure Fire,04/16/2000,04/16/2000 09:20:34 PM,04/16/2000 09:20:40 PM,04/16/2000 09:20:54 PM,04/16/2000 09:23:59 PM,04/16/2000 09:24:24 PM,,SF,94131.0,B08,39.0,869.0,3,3,3,True,1,ENGINE,1.0,8,7,Twin Peaks,"(37.7457450601581, -122.452739454597)"
1123,E25,Structure Fire,04/16/2000,04/16/2000 10:19:54 PM,04/16/2000 10:24:18 PM,04/16/2000 10:24:44 PM,04/16/2000 10:28:31 PM,04/16/2000 10:29:04 PM,,SF,94124.0,B10,25.0,6565.0,3,3,3,False,1,ENGINE,1.0,10,10,Bayview Hunters Point,"(37.7358032544071, -122.383425446646)"
1149,E36,Structure Fire,04/16/2000,04/17/2000 01:04:05 AM,04/17/2000 01:04:19 AM,04/17/2000 01:04:27 AM,04/17/2000 01:05:46 AM,04/17/2000 01:06:24 AM,,SF,94102.0,B02,36.0,3266.0,3,3,3,False,1,ENGINE,1.0,2,5,Hayes Valley,"(37.7750206954016, -122.42259804367)"
1156,E03,Structure Fire,04/16/2000,04/17/2000 01:39:54 AM,04/17/2000 01:49:04 AM,04/17/2000 01:49:29 AM,04/17/2000 01:51:54 AM,04/17/2000 01:52:39 AM,,SF,94109.0,B02,3.0,1555.0,3,3,3,False,1,ENGINE,1.0,2,6,Tenderloin,"(37.784448840667, -122.416071735104)"
1205,E35,Structure Fire,04/17/2000,04/17/2000 08:39:57 AM,04/17/2000 08:42:14 AM,04/17/2000 08:42:45 AM,04/17/2000 08:44:48 AM,,,SF,94105.0,B03,35.0,2141.0,3,3,3,True,1,ENGINE,11.0,3,6,Financial District/South Beach,"(37.7885359297329, -122.396034766801)"
1208,E43,Structure Fire,04/17/2000,04/17/2000 09:19:54 AM,04/17/2000 09:24:08 AM,04/17/2000 09:25:01 AM,04/17/2000 09:26:54 AM,04/17/2000 09:29:06 AM,,SF,94134.0,B09,43.0,6246.0,3,3,3,False,1,ENGINE,1.0,None,10,None,"(37.7083112668674, -122.420083068533)"
1221,E29,Structure Fire,04/17/2000,04/17/2000 10:09:54 AM,04/17/2000 10:14:39 AM,04/17/2000 10:17:51 AM,04/17/2000 10:18:27 AM,,,SF,94103.0,B02,36.0,5215.0,3,3,3,True,1,ENGINE,1.0,2,9,Mission,"(37.7682736543413, -122.419981513232)"
1234,E02,Structure Fire,04/17/2000,04/17/2000 11:19:54 AM,04/17/2000 11:22:54 AM,04/17/2000 11:23:09 AM,04/17/2000 11:24:28 AM,04/17/2000 11:26:46 AM,,SF,94109.0,B01,28.0,1614.0,3,3,3,False,1,ENGINE,1.0,1,2,Russian Hill,"(37.8047903067381, -122.420178127211)"
1255,E36,Structure Fire,04/17/2000,04/17/2000 12:39:54 PM,04/17/2000 12:41:05 PM,04/17/2000 12:41:13 PM,,04/17/2000 12:44:04 PM,,SF,94103.0,B02,6.0,5214.0,3,3,3,False,1,ENGINE,1.0,2,8,Mission,"(37.7680064250045, -122.424411692164)"
1258,E37,Structure Fire,04/17/2000,04/17/2000 12:49:54 PM,04/17/2000 12:53:12 PM,04/17/2000 12:53:19 PM,,,,SF,94107.0,B10,37.0,2523.0,3,3,3,False,1,ENGINE,1.0,10,10,Potrero Hill,"(37.7599674076909, -122.39724892486)"
1265,E17,Structure Fire,04/17/2000,04/17/2000 12:59:54 PM,04/17/2000 01:09:30 PM,04/17/2000 01:11:19 PM,04/17/2000 01:12:25 PM,04/17/2000 01:14:50 PM,,SF,94124.0,B10,17.0,6624.0,3,3,3,False,1,ENGINE,1.0,10,10,Bayview Hunters Point,"(37.7346032067084, -122.382962001592)"
1296,E18,Structure Fire,04/17/2000,04/17/2000 03:07:56 PM,04/17/2000 03:09:22 PM,04/17/2000 03:09:29 PM,04/17/2000 03:10:27 PM,04/17/2000 03:14:02 PM,,SF,94122.0,B08,22.0,7452.0,3,3,3,True,1,ENGINE,2.0,8,4,Sunset/Parkside,"(37.7623510063353, -122.483419246846)"
1297,E23,Structure Fire,04/17/2000,04/17/2000 03:07:56 PM,04/17/2000 03:09:22 PM,04/17/2000 03:09:29 PM,04/17/2000 03:13:18 PM,04/17/2000 03:13:39 PM,,SF,94122.0,B08,22.0,7452.0,3,3,3,False,1,ENGINE,1.0,8,4,Sunset/Parkside,"(37.7623510063353, -122.483419246846)"
1316,E03,Structure Fire,04/17/2000,04/17/2000 04:09:54 PM,04/17/2000 04:12:46 PM,04/17/2000 04:12:52 PM,,,,SF,94102.0,B03,1.0,1456.0,3,3,3,True,1,ENGINE,1.0,2,6,Tenderloin,"(37.783004077677, -122.412411747482)"
1321,B05,Structure Fire,04/17/2000,04/17/2000 04:30:07 PM,04/17/2000 04:30:11 PM,04/17/2000 04:30:20 PM,04/17/2000 04:31:07 PM,04/17/2000 04:46:09 PM,,SF,94115.0,B04,38.0,3652.0,3,3,3,False,1,CHIEF,11.0,4,2,Pacific Heights,"(37.7893692243324, -122.438150656399)"
1322,D2,Structure Fire,04/17/2000,04/17/2000 04:30:07 PM,04/17/2000 04:30:11 PM,04/17/2000 04:30:20 PM,04/17/2000 04:31:30 PM,04/17/2000 04:34:33 PM,,SF,94115.0,B04,38.0,3652.0,3,3,3,False,1,CHIEF,5.0,4,2,Pacific Heights,"(37.7893692243324, -122.438150656399)"
1323,E38,Structure Fire,04/17/2000,04/17/2000 04:30:07 PM,04/17/2000 04:30:11 PM,04/17/2000 04:30:20 PM,04/17/2000 04:31:29 PM,04/17/2000 04:32:51 PM,,SF,94115.0,B04,38.0,3652.0,3,3,3,False,1,ENGINE,1.0,4,2,Pacific Heights,"(37.7893692243324, -122.438150656399)"
1324,T10,Structure Fire,04/17/2000,04/17/2000 04:30:07 PM,04/17/2000 04:30:11 PM,04/17/2000 04:30:20 PM,04/17/2000 04:31:30 PM,04/17/2000 04:34:11 PM,,SF,94115.0,B04,38.0,3652.0,3,3,3,False,1,TRUCK,3.0,4,2,Pacific Heights,"(37.7893692243324, -122.438150656399)"
1325,E06,Structure Fire,04/17/2000,04/17/2000 04:29:54 PM,04/17/2000 04:31:57 PM,04/17/2000 04:32:06 PM,04/17/2000 04:33:33 PM,,,SF,94115.0,B04,38.0,3652.0,3,3,3,False,1,ENGINE,1.0,4,2,Pacific Heights,"(37.7894216306873, -122.437318569396)"
1347,E09,Structure Fire,04/17/2000,04/17/2000 05:39:54 PM,04/17/2000 05:41:16 PM,04/17/2000 05:42:34 PM,04/17/2000 05:43:46 PM,04/17/2000 05:45:14 PM,,SF,94124.0,B10,9.0,6425.0,3,3,3,False,1,ENGINE,1.0,10,10,Bayview Hunters Point,"(37.7421971997796, -122.400426738757)"
1352,E21,Structure Fire,04/17/2000,04/17/2000 05:49:54 PM,04/17/2000 05:54:01 PM,04/17/2000 05:54:56 PM,,04/17/2000 05:56:35 PM,,SF,94117.0,B05,21.0,4463.0,3,3,3,False,1,ENGINE,1.0,5,5,Lone Mountain/USF,"(37.7758015911545, -122.446470828705)"
1356,E17,Structure Fire,04/17/2000,04/17/2000 06:09:54 PM,04/17/2000 06:12:51 PM,04/17/2000 06:13:32 PM,04/17/2000 06:14:52 PM,04/17/2000 06:16:04 PM,,SF,94124.0,B10,17.0,668.0,3,3,3,False,1,ENGINE,1.0,10,10,Bayview Hunters Point,"(37.7326519039379, -122.384279454164)"
1372,E08,Structure Fire,04/17/2000,04/17/2000 07:29:54 PM,04/17/2000 07:35:15 PM,04/17/2000 07:35:20 PM,04/17/2000 07:36:36 PM,04/17/2000 07:39:06 PM,,SF,94107.0,B03,8.0,2174.0,3,3,3,False,1,ENGINE,2.0,3,6,South of Market,"(37.7813212571676, -122.395843500166)"
1373,E17,Structure Fire,04/17/2000,04/17/2000 07:29:54 PM,04/17/2000 07:39:20 PM,04/17/2000 07:39:28 PM,04/17/2000 07:40:38 PM,04/17/2000 07:42:29 PM,,SF,94124.0,B10,17.0,6624.0,3,3,3,False,1,ENGINE,1.0,10,10,Bayview Hunters Point,"(37.7346032067084, -122.382962001592)"
1381,E17,Structure Fire,04/17/2000,04/17/2000 07:49:54 PM,04/17/2000 07:55:21 PM,04/17/2000 07:55:47 PM,04/17/2000 07:57:04 PM,04/17/2000 07:57:48 PM,,SF,94124.0,B10,17.0,6572.0,3,3,3,False,1,ENGINE,1.0,10,10,Bayview Hunters Point,"(37.7303419725174, -122.382887872758)"
1383,E08,Structure Fire,04/17/2000,04/17/2000 07:57:36 PM,04/17/2000 07:58:10 PM,04/17/2000 07:58:19 PM,04/17/2000 07:59:42 PM,04/17/2000 08:02:16 PM,,SF,94107.0,B03,8.0,2171.0,3,3,3,False,1,ENGINE,1.0,3,6,Mission Bay,"(37.7773277635261, -122.393088559685)"
1384,T08,Structure Fire,04/17/2000,04/17/2000 07:57:36 PM,04/17/2000 07:58:10 PM,04/17/2000 07:58:19 PM,,,,SF,94107.0,B03,8.0,2171.0,3,3,3,False,1,TRUCK,12.0,3,6,Mission Bay,"(37.7773277635261, -122.393088559685)"
1389,E33,Structure Fire,04/17/2000,04/17/2000 08:09:54 PM,04/17/2000 08:10:01 PM,04/17/2000 08:10:23 PM,04/17/2000 08:11:16 PM,04/17/2000 08:13:23 PM,,SF,94112.0,B09,33.0,8372.0,3,3,3,False,1,ENGINE,1.0,9,11,Oceanview/Merced/Ingleside,"(37.7149046737385, -122.456071999233)"
1410,E37,Structure Fire,04/17/2000,04/17/2000 09:39:54 PM,04/17/2000 09:42:29 PM,04/17/2000 09:42:39 PM,04/17/2000 09:43:46 PM,04/17/2000 09:44:52 PM,,SF,94107.0,B10,37.0,2521.0,3,3,3,False,1,ENGINE,1.0,10,10,Potrero Hill,"(37.7598505212671, -122.399181613989)"
1442,E17,Structure Fire,04/17/2000,04/18/2000 12:19:54 AM,04/18/2000 12:22:32 AM,04/18/2000 12:23:09 AM,04/18/2000 12:25:15 AM,,,SF,94124.0,B10,17.0,6636.0,3,3,3,False,1,ENGINE,1.0,10,10,Bayview Hunters Point,"(37.7311094161972, -122.37955189246)"
1474,E39,Structure Fire,04/17/2000,04/18/2000 06:51:19 AM,04/18/2000 06:51:27 AM,04/18/2000 06:51:45 AM,04/18/2000 06:53:44 AM,04/18/2000 06:56:49 AM,,SF,94127.0,B08,39.0,8562.0,3,3,3,False,1,ENGINE,1.0,8,7,West of Twin Peaks,"(37.7377475002379, -122.466573582038)"
1475,RS2,Structure Fire,04/17/2000,04/18/2000 06:51:19 AM,04/18/2000 06:51:27 AM,04/18/2000 06:51:45 AM,04/18/2000 06:53:23 AM,04/18/2000 06:59:57 AM,,SF,94127.0,B08,39.0,8562.0,3,3,3,False,1,RESCUE SQUAD,6.0,8,7,West of Twin Peaks,"(37.7377475002379, -122.466573582038)"
1501,E41,Structure Fire,04/18/2000,04/19/2000 05:22:42 AM,04/19/2000 05:23:28 AM,04/19/2000 05:23:43 AM,04/19/2000 05:25:47 AM,,,SF,94109.0,B01,28.0,1615.0,3,3,3,False,1,ENGINE,9.0,1,2,Russian Hill,"(37.8066646613779, -122.420057870501)"
1516,E41,Structure Fire,04/18/2000,04/18/2000 10:19:54 AM,04/18/2000 10:28:17 AM,04/18/2000 10:28:35 AM,04/18/2000 10:30:02 AM,04/18/2000 10:31:26 AM,,SF,94109.0,B04,4.0,3151.0,3,3,3,False,1,ENGINE,1.0,4,2,Russian Hill,"(37.7957371093016, -122.423413055255)"
1533,E17,Structure Fire,04/18/2000,04/18/2000 11:09:54 AM,04/18/2000 11:15:21 AM,04/18/2000 11:16:14 AM,04/18/2000 11:17:06 AM,04/18/2000 11:22:27 AM,,SF,94124.0,B10,17.0,6665.0,3,3,3,False,1,ENGINE,1.0,10,10,Bayview Hunters Point,"(37.7280054654209, -122.373766115675)"
1570,E25,Structure Fire,04/18/2000,04/18/2000 02:09:54 PM,04/18/2000 02:19:13 PM,04/18/2000 02:19:21 PM,04/18/2000 02:20:16 PM,04/18/2000 02:21:59 PM,,SF,94124.0,B10,25.0,6455.0,3,3,3,False,1,ENGINE,1.0,10,10,Bayview Hunters Point,"(37.7386026847273, -122.392392964477)"
1573,E25,Structure Fire,04/18/2000,04/18/2000 02:49:54 PM,04/18/2000 02:51:14 PM,04/18/2000 02:51:35 PM,04/18/2000 02:52:01 PM,04/18/2000 02:53:39 PM,,SF,94124.0,B10,25.0,6437.0,3,3,3,False,1,ENGINE,1.0,10,10,Bayview Hunters Point,"(37.7461571286485, -122.387174219434)"
1574,T09,Structure Fire,04/18/2000,04/18/2000 02:49:54 PM,04/18/2000 02:51:14 PM,04/18/2000 02:51:35 PM,04/18/2000 02:52:58 PM,,,SF,94124.0,B10,25.0,6437.0,3,3,3,False,1,TRUCK,2.0,10,10,Bayview Hunters Point,"(37.7461571286485, -122.387174219434)"
1588,E38,Structure Fire,04/18/2000,04/18/2000 03:39:54 PM,04/18/2000 03:48:50 PM,04/18/2000 03:48:58 PM,04/18/2000 03:50:06 PM,,,SF,94109.0,B02,5.0,3366.0,3,3,3,False,1,ENGINE,2.0,2,5,Western Addition,"(37.7824770505897, -122.424108201912)"
1589,T06,Structure Fire,04/18/2000,04/18/2000 03:39:54 PM,04/18/2000 03:48:50 PM,04/18/2000 03:48:58 PM,04/18/2000 03:50:05 PM,04/18/2000 03:51:19 PM,,SF,94109.0,B02,5.0,3366.0,3,3,3,False,1,TRUCK,1.0,2,5,Western Addition,"(37.7824770505897, -122.424108201912)"
1591,E36,Structure Fire,04/18/2000,04/18/2000 03:53:49 PM,04/18/2000 03:53:51 PM,04/18/2000 03:54:01 PM,04/18/2000 03:55:09 PM,04/18/2000 03:58:05 PM,,SF,94114.0,B05,6.0,525.0,3,3,3,False,1,ENGINE,1.0,2,8,Castro/Upper Market,"(37.7635672604293, -122.43073545001)"
1617,B10,Structure Fire,04/18/2000,04/18/2000 06:15:53 PM,04/18/2000 06:16:25 PM,04/18/2000 06:16:35 PM,04/18/2000 06:18:17 PM,04/18/2000 06:20:36 PM,,SF,94124.0,B10,17.0,6471.0,3,3,3,False,1,CHIEF,4.0,10,10,Bayview Hunters Point,"(37.7359424972351, -122.391874407163)"
1618,E25,Structure Fire,04/18/2000,04/18/2000 06:15:53 PM,04/18/2000 06:16:25 PM,04/18/2000 06:16:35 PM,04/18/2000 06:17:34 PM,04/18/2000 06:19:31 PM,,SF,94124.0,B10,17.0,6471.0,3,3,3,False,1,ENGINE,2.0,10,10,Bayview Hunters Point,"(37.7359424972351, -122.391874407163)"
1619,M35,Structure Fire,04/18/2000,04/18/2000 06:15:53 PM,04/18/2000 06:16:25 PM,04/18/2000 06:16:35 PM,04/18/2000 06:17:49 PM,04/18/2000 06:26:20 PM,,SF,94124.0,B10,17.0,6471.0,3,3,3,True,1,MEDIC,5.0,10,10,Bayview Hunters Point,"(37.7359424972351, -122.391874407163)"
1630,E03,Structure Fire,04/18/2000,04/18/2000 07:14:14 PM,04/18/2000 07:15:32 PM,04/18/2000 07:16:14 PM,04/18/2000 07:17:16 PM,,,SF,94103.0,B02,36.0,2335.0,3,3,3,False,1,ENGINE,7.0,2,6,South of Market,"(37.7748529869363, -122.411439178067)"
1631,E36,Structure Fire,04/18/2000,04/18/2000 07:14:14 PM,04/18/2000 07:15:32 PM,04/18/2000 07:16:14 PM,04/18/2000 07:17:12 PM,04/18/2000 07:19:54 PM,,SF,94103.0,B02,36.0,2335.0,3,3,3,False,1,ENGINE,3.0,2,6,South of Market,"(37.7748529869363, -122.411439178067)"
1632,T07,Structure Fire,04/18/2000,04/18/2000 07:14:14 PM,04/18/2000 07:15:32 PM,04/18/2000 07:16:14 PM,04/18/2000 07:18:12 PM,04/18/2000 07:20:23 PM,,SF,94103.0,B02,36.0,2335.0,3,3,3,False,1,TRUCK,4.0,2,6,South of Market,"(37.7748529869363, -122.411439178067)"
1635,E29,Structure Fire,04/18/2000,04/18/2000 07:19:54 PM,04/18/2000 07:24:54 PM,04/18/2000 07:25:23 PM,04/18/2000 07:26:03 PM,04/18/2000 07:28:39 PM,,SF,94107.0,B03,29.0,2274.0,3,3,3,False,1,ENGINE,1.0,3,10,Mission Bay,"(37.7700850603691, -122.399583414088)"
1646,E15,Structure Fire,04/18/2000,04/18/2000 08:09:54 PM,04/18/2000 08:12:31 PM,04/18/2000 08:13:19 PM,04/18/2000 08:14:22 PM,,,SF,94112.0,B09,15.0,8472.0,3,3,3,False,1,ENGINE,1.0,9,7,West of Twin Peaks,"(37.7236723652343, -122.455135658662)"
1650,E01,Structure Fire,04/18/2000,04/18/2000 08:19:54 PM,04/18/2000 08:25:21 PM,04/18/2000 08:26:29 PM,04/18/2000 08:28:20 PM,04/18/2000 08:30:00 PM,,SF,94102.0,B01,1.0,1363.0,3,3,3,False,1,ENGINE,1.0,1,3,Tenderloin,"(37.7864096137715, -122.408036236271)"
1660,B09,Structure Fire,04/18/2000,04/18/2000 09:22:14 PM,04/18/2000 09:22:28 PM,04/18/2000 09:22:59 PM,04/18/2000 09:24:48 PM,04/18/2000 09:28:58 PM,,SF,94132.0,B09,33.0,8421.0,3,3,3,False,1,CHIEF,3.0,9,11,Oceanview/Merced/Ingleside,"(37.7169859296489, -122.470654167498)"
1661,E19,Structure Fire,04/18/2000,04/18/2000 09:22:14 PM,04/18/2000 09:22:28 PM,04/18/2000 09:22:59 PM,04/18/2000 09:25:10 PM,04/18/2000 10:43:52 PM,,SF,94132.0,B09,33.0,8421.0,3,3,3,True,1,ENGINE,8.0,9,11,Oceanview/Merced/Ingleside,"(37.7169859296489, -122.470654167498)"
1662,M43,Structure Fire,04/18/2000,04/18/2000 09:22:14 PM,04/18/2000 09:22:28 PM,04/18/2000 09:22:59 PM,04/18/2000 09:24:26 PM,04/18/2000 09:32:14 PM,04/18/2000 10:30:54 PM,SF,94132.0,B09,33.0,8421.0,3,3,3,True,1,MEDIC,4.0,9,11,Oceanview/Merced/Ingleside,"(37.7169859296489, -122.470654167498)"
1663,RS2,Structure Fire,04/18/2000,04/18/2000 09:22:14 PM,04/18/2000 09:22:28 PM,04/18/2000 09:22:59 PM,04/18/2000 09:24:23 PM,04/18/2000 09:25:59 PM,,SF,94132.0,B09,33.0,8421.0,3,3,3,True,1,RESCUE SQUAD,1.0,9,11,Oceanview/Merced/Ingleside,"(37.7169859296489, -122.470654167498)"
1664,SS1,Structure Fire,04/18/2000,04/18/2000 09:22:14 PM,04/18/2000 09:22:28 PM,04/18/2000 09:22:59 PM,,,,SF,94132.0,B09,33.0,8421.0,3,3,3,False,1,SUPPORT,10.0,9,11,Oceanview/Merced/Ingleside,"(37.7169859296489, -122.470654167498)"
1666,E39,Structure Fire,04/18/2000,04/18/2000 09:25:58 PM,04/18/2000 09:26:27 PM,04/18/2000 09:27:54 PM,04/18/2000 09:30:52 PM,04/18/2000 09:36:25 PM,,SF,94132.0,B09,15.0,8421.0,3,3,3,False,1,ENGINE,1.0,9,11,Oceanview/Merced/Ingleside,"(37.7169859296489, -122.470654167498)"
1690,E03,Structure Fire,04/18/2000,04/18/2000 11:40:18 PM,04/18/2000 11:40:40 PM,04/18/2000 11:40:50 PM,04/18/2000 11:42:24 PM,04/18/2000 11:43:31 PM,,SF,94102.0,B04,3.0,1544.0,3,3,3,False,1,ENGINE,2.0,2,6,Tenderloin,"(37.785631781088, -122.413782612492)"
1691,T01,Structure Fire,04/18/2000,04/18/2000 11:40:18 PM,04/18/2000 11:40:40 PM,04/18/2000 11:40:50 PM,04/18/2000 11:42:16 PM,04/18/2000 11:46:13 PM,,SF,94102.0,B04,3.0,1544.0,3,3,3,True,1,TRUCK,5.0,2,6,Tenderloin,"(37.785631781088, -122.413782612492)"
1696,E03,Structure Fire,04/18/2000,04/18/2000 11:53:12 PM,04/18/2000 11:54:19 PM,04/18/2000 11:54:46 PM,,04/18/2000 11:55:46 PM,,SF,94109.0,B04,3.0,1642.0,3,3,3,False,1,ENGINE,1.0,4,6,Tenderloin,"(37.7853258318143, -122.417091509186)"
1701,E06,Structure Fire,04/18/2000,04/19/2000 12:39:54 AM,04/19/2000 12:40:30 AM,04/19/2000 12:40:55 AM,,,,SF,94117.0,B05,21.0,4251.0,3,3,3,False,1,ENGINE,3.0,5,5,Haight Ashbury,"(37.7717790974508, -122.440546208811)"
1723,B01,Structure Fire,04/18/2000,04/19/2000 05:22:42 AM,04/19/2000 05:23:28 AM,04/19/2000 05:23:43 AM,04/19/2000 05:25:24 AM,,,SF,94109.0,B01,28.0,1615.0,3,3,3,True,1,CHIEF,7.0,1,2,Russian Hill,"(37.8066646613779, -122.420057870501)"
1724,E02,Structure Fire,04/18/2000,04/19/2000 05:22:42 AM,04/19/2000 05:23:28 AM,04/19/2000 05:23:43 AM,04/19/2000 05:31:38 AM,04/19/2000 05:36:17 AM,,SF,94109.0,B01,28.0,1615.0,3,3,3,False,1,ENGINE,6.0,1,2,Russian Hill,"(37.8066646613779, -122.420057870501)"
1730,E03,Structure Fire,04/18/2000,04/19/2000 06:29:54 AM,04/19/2000 06:36:20 AM,04/19/2000 06:36:31 AM,04/19/2000 06:38:23 AM,04/19/2000 06:39:22 AM,,SF,94102.0,B02,3.0,1545.0,3,3,3,False,1,ENGINE,1.0,2,6,Tenderloin,"(37.7837237829964, -122.414241575227)"
1760,E03,Structure Fire,04/19/2000,04/19/2000 09:59:54 AM,04/19/2000 10:03:19 AM,04/19/2000 10:03:46 AM,04/19/2000 10:04:42 AM,04/19/2000 10:06:24 AM,,SF,94103.0,B03,1.0,1322.0,3,3,3,False,1,ENGINE,1.0,1,6,South of Market,"(37.7857439877905, -122.405831012392)"
1790,E02,Structure Fire,04/19/2000,04/19/2000 12:09:54 PM,04/19/2000 12:11:06 PM,04/19/2000 12:11:17 PM,04/19/2000 12:12:23 PM,04/19/2000 12:14:48 PM,,SF,94133.0,B01,28.0,1425.0,3,3,3,False,1,ENGINE,1.0,1,3,North Beach,"(37.8056184799358, -122.413604167697)"
1791,E05,Structure Fire,04/19/2000,04/19/2000 12:09:54 PM,04/19/2000 12:13:04 PM,04/19/2000 12:13:12 PM,,,,SF,94115.0,B05,5.0,3516.0,3,3,3,False,1,ENGINE,1.0,2,5,Western Addition,"(37.7797827933333, -122.430233236395)"
1792,E41,Structure Fire,04/19/2000,04/19/2000 12:09:54 PM,04/19/2000 12:13:31 PM,04/19/2000 12:13:57 PM,04/19/2000 12:15:09 PM,,,SF,94102.0,B01,3.0,1451.0,3,3,3,False,1,ENGINE,3.0,1,3,Nob Hill,"(37.7878721676702, -122.411699233294)"
1808,E13,Structure Fire,04/19/2000,04/19/2000 12:59:54 PM,04/19/2000 01:01:34 PM,04/19/2000 01:02:27 PM,04/19/2000 01:02:59 PM,04/19/2000 01:06:38 PM,,SF,94103.0,B03,1.0,2213.0,3,3,3,False,1,ENGINE,1.0,3,6,South of Market,"(37.7844787439707, -122.404266872501)"
1832,E06,Structure Fire,04/19/2000,04/19/2000 02:39:54 PM,04/19/2000 02:46:17 PM,04/19/2000 02:46:29 PM,,,,SF,94117.0,B05,21.0,4353.0,3,3,3,False,1,ENGINE,3.0,5,8,Haight Ashbury,"(37.7706376349003, -122.441997762222)"
1888,E41,Structure Fire,04/19/2000,04/19/2000 06:59:54 PM,04/19/2000 07:09:32 PM,04/19/2000 07:09:48 PM,04/19/2000 07:11:00 PM,04/19/2000 07:12:11 PM,,SF,94109.0,B04,41.0,1635.0,3,3,3,False,1,ENGINE,1.0,4,3,Nob Hill,"(37.7912373168905, -122.419197310446)"
1890,E37,Structure Fire,04/19/2000,04/19/2000 07:09:54 PM,04/19/2000 07:15:40 PM,04/19/2000 07:15:54 PM,04/19/2000 07:16:49 PM,04/19/2000 07:18:09 PM,,SF,94107.0,B10,37.0,2522.0,3,3,3,False,1,ENGINE,1.0,10,10,Potrero Hill,"(37.759617102866, -122.403048213749)"
1896,E01,Structure Fire,04/19/2000,04/19/2000 07:38:02 PM,04/19/2000 07:40:02 PM,04/19/2000 07:40:18 PM,04/19/2000 07:43:00 PM,,,SF,94109.0,B02,3.0,1555.0,3,3,3,False,1,ENGINE,9.0,2,6,Tenderloin,"(37.7849211326639, -122.416097390622)"
1897,E41,Structure Fire,04/19/2000,04/19/2000 07:38:02 PM,04/19/2000 07:40:02 PM,04/19/2000 07:40:18 PM,04/19/2000 07:40:47 PM,04/19/2000 07:42:40 PM,,SF,94109.0,B02,3.0,1555.0,3,3,3,False,1,ENGINE,2.0,2,6,Tenderloin,"(37.7849211326639, -122.416097390622)"
1910,E01,Structure Fire,04/19/2000,04/19/2000 08:33:49 PM,04/19/2000 08:35:05 PM,04/19/2000 08:36:13 PM,04/19/2000 08:37:19 PM,04/19/2000 08:39:21 PM,,SF,94102.0,B03,1.0,1453.0,3,3,3,False,1,ENGINE,3.0,3,6,Tenderloin,"(37.7840910361755, -122.411784369455)"
1911,E03,Structure Fire,04/19/2000,04/19/2000 08:33:49 PM,04/19/2000 08:35:05 PM,04/19/2000 08:36:13 PM,,04/19/2000 08:38:56 PM,,SF,94102.0,B03,1.0,1453.0,3,3,3,True,1,ENGINE,1.0,3,6,Tenderloin,"(37.7840910361755, -122.411784369455)"
1920,D2,Structure Fire,04/19/2000,04/19/2000 09:18:52 PM,04/19/2000 09:19:49 PM,04/19/2000 09:20:33 PM,04/19/2000 09:22:01 PM,04/19/2000 09:24:32 PM,,SF,94109.0,B04,3.0,3116.0,3,3,3,False,1,CHIEF,4.0,4,6,Tenderloin,"(37.7859427265455, -122.418902557609)"
1921,E03,Structure Fire,04/19/2000,04/19/2000 09:18:52 PM,04/19/2000 09:19:49 PM,04/19/2000 09:20:33 PM,,04/19/2000 09:22:16 PM,,SF,94109.0,B04,3.0,3116.0,3,3,3,True,1,ENGINE,1.0,4,6,Tenderloin,"(37.7859427265455, -122.418902557609)"
1922,RS1,Structure Fire,04/19/2000,04/19/2000 09:18:52 PM,04/19/2000 09:19:49 PM,04/19/2000 09:20:33 PM,04/19/2000 09:21:33 PM,,,SF,94109.0,B04,3.0,3116.0,3,3,3,True,1,RESCUE SQUAD,10.0,4,6,Tenderloin,"(37.7859427265455, -122.418902557609)"
1923,T03,Structure Fire,04/19/2000,04/19/2000 09:18:52 PM,04/19/2000 09:19:49 PM,04/19/2000 09:20:33 PM,04/19/2000 09:21:42 PM,04/19/2000 09:22:26 PM,,SF,94109.0,B04,3.0,3116.0,3,3,3,False,1,TRUCK,2.0,4,6,Tenderloin,"(37.7859427265455, -122.418902557609)"
1936,E11,Structure Fire,04/19/2000,04/19/2000 10:39:54 PM,04/19/2000 10:45:25 PM,04/19/2000 10:45:38 PM,04/19/2000 10:46:33 PM,04/19/2000 10:48:31 PM,,SF,94110.0,B06,11.0,5613.0,3,3,3,False,1,ENGINE,1.0,6,9,Mission,"(37.7490412884368, -122.418135251703)"
1937,T11,Structure Fire,04/19/2000,04/19/2000 10:39:54 PM,04/19/2000 10:45:25 PM,04/19/2000 10:45:38 PM,,,,SF,94110.0,B06,11.0,5613.0,3,3,3,False,1,TRUCK,2.0,6,9,Mission,"(37.7490412884368, -122.418135251703)"
1946,E40,Structure Fire,04/19/2000,04/19/2000 11:22:00 PM,04/19/2000 11:24:49 PM,04/19/2000 11:25:19 PM,04/19/2000 11:27:29 PM,04/19/2000 11:39:40 PM,,SF,94116.0,B08,40.0,7416.0,3,3,3,False,1,ENGINE,2.0,8,7,West of Twin Peaks,"(37.7449329545315, -122.474215223757)"
1958,E01,Structure Fire,04/19/2000,04/20/2000 12:59:54 AM,04/20/2000 01:00:05 AM,04/20/2000 01:00:17 AM,04/20/2000 01:02:04 AM,04/20/2000 01:03:24 AM,,SF,94103.0,B03,1.0,1322.0,3,3,3,False,1,ENGINE,1.0,1,6,South of Market,"(37.7857439877905, -122.405831012392)"
1971,E03,Structure Fire,04/19/2000,04/20/2000 03:39:54 AM,04/20/2000 03:48:24 AM,04/20/2000 03:48:30 AM,,04/20/2000 03:51:04 AM,,SF,94109.0,B02,3.0,3115.0,3,3,3,True,1,ENGINE,1.0,2,6,Tenderloin,"(37.7840291146397, -122.419364167879)"
1995,E43,Structure Fire,04/20/2000,04/20/2000 08:09:54 AM,04/20/2000 08:18:07 AM,04/20/2000 08:18:18 AM,04/20/2000 08:19:21 AM,04/20/2000 08:21:44 AM,,SF,94112.0,B09,43.0,6133.0,3,3,3,False,1,ENGINE,1.0,9,11,Excelsior,"(37.7247251220887, -122.430453102329)"
1996,T15,Structure Fire,04/20/2000,04/20/2000 08:09:54 AM,04/20/2000 08:18:07 AM,04/20/2000 08:18:18 AM,04/20/2000 08:19:21 AM,,,SF,94112.0,B09,43.0,6133.0,3,3,3,False,1,TRUCK,2.0,9,11,Excelsior,"(37.7247251220887, -122.430453102329)"
